title,page_url,image_url,features,x,y
Jewish prisoners load textiles onto a truck from a Madritch factory warehouse.  The Madritch factory utilized concentration camp labor in Plaszow to produce uniforms for the German army.,https://collections.ushmm.org/search/catalog/pa31459,https://collections.ushmm.org/iiif-b/assets/thumbs/761413,[0.01323685 0.         0.         ... 0.         0.         0.        ],4.065477,9.364377
View of a destroyed building in Kovno which housed the G. Gutman Judaica store.,https://collections.ushmm.org/search/catalog/pa509,https://collections.ushmm.org/iiif-b/assets/thumbs/726798,[0. 0. 0. ... 0. 0. 0.],3.965147,9.705607
Undertakers from the funeral home of M.B. Pinkiert unload bodies from a cart into a mass grave in the Warsaw ghetto cemetery.,https://collections.ushmm.org/search/catalog/pa2721,https://collections.ushmm.org/iiif-b/assets/thumbs/700790,[0.00085943 0.02334769 0.         ... 0.         0.         0.        ],5.0038905,8.890745
"German civilians carry corpses on stretchers to be buried in mass graves.  The victims are concentration camp prisoners who were killed by the SS in a barn, shown in the background, just outside Gardelegen.",https://collections.ushmm.org/search/catalog/pa7960,https://collections.ushmm.org/iiif-b/assets/thumbs/764049,[0.         0.         0.         ... 0.         0.         0.00111952],3.453821,9.487535
"The Yiddish words, ""Jews Revenge!"" scrawled in blood on the apartment floor of a Jew murdered in the Slobodka pogrom.  [oversized photo]",https://collections.ushmm.org/search/catalog/pa29012,https://collections.ushmm.org/iiif-b/assets/thumbs/726639,[0.         0.01370941 0.         ... 0.         0.         0.        ],4.561328,9.429605
Survivors of the Dachau concentration camp demonstrate the operation of the crematorium by preparing a corpse to be placed into one of the ovens.,https://collections.ushmm.org/search/catalog/pa1034592,https://collections.ushmm.org/iiif-b/assets/thumbs/736224,[0.         0.         0.02486017 ... 0.         0.         0.        ],3.77344,10.889124
"Hitler poses holding the ""blood flag"" from the Beer Hall Putsch of 1923 at the fourth Nazi Party Congress.",https://collections.ushmm.org/search/catalog/pa1037164,https://collections.ushmm.org/iiif-b/assets/thumbs/765327,[0.         0.         0.         ... 0.         0.00814436 0.        ],5.5385566,8.3929405
Former SS Lt. Heinz Tomhardt is sentenced to death by hanging by an American Military Tribunal for his part in the Malmedy massacre.,https://collections.ushmm.org/search/catalog/pa1040952,https://collections.ushmm.org/iiif-b/assets/thumbs/728730,[0. 0. 0. ... 0. 0. 0.],5.254872,10.151481
"Former SS-Hauptsturmfuehrer Doctor Willi Jobst, a defendant at the trial of 61 former camp personnel and prisoners from Mauthausen, stands in his place in the defendants' dock.  Dr. Jobst was camp physician of the Ebensee concentration camp.",https://collections.ushmm.org/search/catalog/pa1046764,https://collections.ushmm.org/iiif-b/assets/thumbs/697983,[0.00266702 0.         0.         ... 0.         0.         0.        ],5.0894504,11.77362
Portrait of Jozef and Genia Berkowicz with their daughter Rita in Warsaw.,https://collections.ushmm.org/search/catalog/pa1053457,https://collections.ushmm.org/iiif-b/assets/thumbs/737281,[0.         0.00788338 0.00891839 ... 0.         0.02021359 0.        ],2.8873937,7.861942
Theresienstadt ghetto currency.,https://collections.ushmm.org/search/catalog/pa1054585,https://collections.ushmm.org/iiif-b/assets/thumbs/748598,[0.         0.         0.00173243 ... 0.         0.         0.        ],-1.1436186,9.07307
"The judges of Military Tribunal VI during the I.G. Farben Trial.  From left to right are James Morris, Curtis G. Shake, Paul M. Hebert, and Clarence F. Merrell.",https://collections.ushmm.org/search/catalog/pa1058574,https://collections.ushmm.org/iiif-b/assets/thumbs/752079,[0.         0.02601302 0.         ... 0.         0.03350282 0.        ],3.668363,8.595023
"Hungarian-Jewish conscripts in the Hungarian Labor Service prepare for their journey back to Ungvar, Hungary.",https://collections.ushmm.org/search/catalog/pa1060697,https://collections.ushmm.org/iiif-b/assets/thumbs/756456,[0.         0.01432816 0.         ... 0.         0.         0.        ],4.9551654,9.336165
"Page from the anti-semitic German children's book, ""Trau Keinem Fuchs...""  (Trust No Fox in the Green Meadow and No Jew on his Oath)",https://collections.ushmm.org/search/catalog/pa1069747,https://collections.ushmm.org/iiif-b/assets/thumbs/699489,[0.         0.         0.         ... 0.         0.02277177 0.01245198],1.4948155,9.135819
"Portrait of the donor's uncle, Moshe Kaplan, wearing an embroidered blouse (a Jewish folkdancing costume).",https://collections.ushmm.org/search/catalog/pa1079573,https://collections.ushmm.org/iiif-b/assets/thumbs/740786,[0.         0.01675725 0.         ... 0.         0.02047915 0.        ],5.2281523,8.264917
"Portrait of Laici Rosenthal, one of the seven Kaufering babies born to the women of the Schwanger [pregnancy] Kommando in the Kaufering concentration camp in the winter of 1945.",https://collections.ushmm.org/search/catalog/pa1086357,https://collections.ushmm.org/iiif-b/assets/thumbs/733274,[0.         0.00671554 0.06018389 ... 0.         0.         0.0092021 ],1.5477389,8.436926
Two Jewish refugees ride in a pedicab.,https://collections.ushmm.org/search/catalog/pa1086605,https://collections.ushmm.org/iiif-b/assets/thumbs/760676,[0.         0.         0.         ... 0.         0.         0.05913965],3.1820827,10.452394
Group portrait of the Rosner and Krausz families at the wedding of Imre Rosner and Klara Krausz in Budapest.,https://collections.ushmm.org/search/catalog/pa1090630,https://collections.ushmm.org/iiif-b/assets/thumbs/736407,[0.         0.         0.         ... 0.         0.01933709 0.03013107],4.250184,10.888613
"Hirsch Glicenstein poses with his young nephew, Leo Grinberg, in front of a brick house in Kalisz.",https://collections.ushmm.org/search/catalog/pa1095536,https://collections.ushmm.org/iiif-b/assets/thumbs/704600,[0.         0.         0.         ... 0.         0.         0.00351786],2.1058671,9.1164665
Passport issued to Eva Rosenbaum a few days before she left on a Kindertransport to England.,https://collections.ushmm.org/search/catalog/pa1125325,https://collections.ushmm.org/iiif-b/assets/thumbs/725071,[0.         0.02360334 0.02002231 ... 0.         0.         0.03683657],-0.63453555,8.373117
"A group of Jewish youth pose outside the Rothschild's Chateau Ferriere, where they are attending a summer camp sponsored by OSE.",https://collections.ushmm.org/search/catalog/pa1126064,https://collections.ushmm.org/iiif-b/assets/thumbs/755147,[0. 0. 0. ... 0. 0. 0.],3.839346,9.905213
"Portrait of Solomon Ergas, son of Yosef Ergas.  He was a student.  He lived at Dalmatinska 78 in Bitola.",https://collections.ushmm.org/search/catalog/pa1132089,https://collections.ushmm.org/iiif-b/assets/thumbs/759878,[0.         0.         0.0175538  ... 0.         0.         0.00775903],2.2840466,7.767999
"Eli Kalm (left) and William Bernstein, crew members of the President Warfield/Exodus 1947, converse on the deck of the ship before its departure for Europe.",https://collections.ushmm.org/search/catalog/pa1134859,https://collections.ushmm.org/iiif-b/assets/thumbs/730121,[0.         0.         0.         ... 0.         0.         0.02843482],3.2689111,10.946183
A group of Jewish DPs crowd around Nahum Goldmann during an official visit to the Zeilsheim displaced persons camp.,https://collections.ushmm.org/search/catalog/pa1137323,https://collections.ushmm.org/iiif-b/assets/thumbs/782944,[0.         0.         0.03245126 ... 0.         0.         0.01479538],2.5516765,8.932389
Group portrait of members of the 2nd Polish Corps (Anders Army) band while they were stationed in Palestine.,https://collections.ushmm.org/search/catalog/pa1143465,https://collections.ushmm.org/iiif-b/assets/thumbs/759771,[0.         0.         0.03819027 ... 0.         0.         0.        ],3.2543123,11.510818
Group portrait of some of the younger children at the Mariaburg DP children's home near Antwerp.,https://collections.ushmm.org/search/catalog/pa1144759,https://collections.ushmm.org/iiif-b/assets/thumbs/738876,[0.         0.         0.         ... 0.         0.         0.02178451],3.6740677,11.538128
Group portrait of members of the I.L. Peretz drama club in Czortkow.,https://collections.ushmm.org/search/catalog/pa1148500,https://collections.ushmm.org/iiif-b/assets/thumbs/728483,[0.00282102 0.         0.         ... 0.         0.         0.        ],5.005251,11.443068
Visitors pose with glasses of mineral water in front of a hotel at the Bad Hall resort.,https://collections.ushmm.org/search/catalog/pa1149526,https://collections.ushmm.org/iiif-b/assets/thumbs/698479,[0. 0. 0. ... 0. 0. 0.],3.4217172,11.481774
Newspaper clipping featuring a photograph of the joint orchestras of the Juedischer Kulturbund [Jewish Cultural Association] and the Kuenstlerhilfe der Juedischen Gemeinde zu Berlin [Artists Aid of the Jewish Community of Berlin] under the direction of Berthold Sander.,https://collections.ushmm.org/search/catalog/pa1150526,https://collections.ushmm.org/iiif-b/assets/thumbs/780665,[0. 0. 0. ... 0. 0. 0.],2.1024673,10.273282
Group portrait of SS officers in front of a barrack in the Hinzert concentration camp.,https://collections.ushmm.org/search/catalog/pa1156485,https://collections.ushmm.org/iiif-b/assets/thumbs/702457,[0.         0.01260924 0.         ... 0.         0.         0.        ],4.228058,8.916958
"Jewish leaders attend a meeting of the World Jewish Congress in Montreux, Switzerland.",https://collections.ushmm.org/search/catalog/pa1159851,https://collections.ushmm.org/iiif-b/assets/thumbs/786278,[0.         0.         0.         ... 0.         0.04406698 0.        ],5.976445,9.159525
Receipt for 30 francs sent to Chaim Cheichanow from the Auxilliary Mutual Bank for Family Allocation.,https://collections.ushmm.org/search/catalog/pa1159857,https://collections.ushmm.org/iiif-b/assets/thumbs/786318,[0.         0.         0.00232836 ... 0.         0.         0.        ],-0.82849365,8.713792
Portrait of two women and a young child in the Tarnow ghetto.,https://collections.ushmm.org/search/catalog/pa1161000,https://collections.ushmm.org/iiif-b/assets/thumbs/754695,[0.         0.         0.         ... 0.         0.01553879 0.        ],3.1437228,8.174472
Herman Goering is escorted by an American serviceman following his capture.,https://collections.ushmm.org/search/catalog/pa1164228,https://collections.ushmm.org/iiif-b/assets/thumbs/785661,[0.         0.04482602 0.         ... 0.         0.         0.        ],4.7764454,7.9119525
"Studio portrait of an unidentified woman holding a young infant, relatives of Regina Goldberg.",https://collections.ushmm.org/search/catalog/pa1165664,https://collections.ushmm.org/iiif-b/assets/thumbs/708190,[0.         0.         0.00911191 ... 0.         0.         0.02748549],1.7211118,9.317521
Family portrait of the Lieberman family in Pabianice.,https://collections.ushmm.org/search/catalog/pa1166649,https://collections.ushmm.org/iiif-b/assets/thumbs/773953,[0.         0.         0.         ... 0.         0.00359849 0.        ],4.054754,11.429678
"Grou portrait of faculty and students at the technical university in Verviers, Belgium.",https://collections.ushmm.org/search/catalog/pa1167364,https://collections.ushmm.org/iiif-b/assets/thumbs/703266,[0.00418359 0.01633088 0.         ... 0.01449359 0.         0.01261499],2.852936,10.170819
"Unauthorized Salvadoran citizenship certificated issued to Leo van Emden (b. June 10, 1915 in Rotterdam), his wife Josette van Emden (b. July 16, 1916 in Lausanne) and their daughter Jacqueline (b. July 19, 1940) by George Mandel-Mantello, First Secretary of the Salvadoran Consulate in Switzerland and sent to their residence in Rotterdam.",https://collections.ushmm.org/search/catalog/pa1169338,https://collections.ushmm.org/iiif-b/assets/thumbs/719091,[0.         0.         0.         ... 0.         0.         0.04032731],-0.5471208,8.293232
Polish citizens walk down a street of Warsaw.,https://collections.ushmm.org/search/catalog/pa1169747,https://collections.ushmm.org/iiif-b/assets/thumbs/714016,[0.00225672 0.         0.         ... 0.         0.         0.00814223],3.8195703,9.868324
Franz Lieberman writes at a table with his mother looking on.,https://collections.ushmm.org/search/catalog/pa1170520,https://collections.ushmm.org/iiif-b/assets/thumbs/713993,[0.         0.         0.0472194  ... 0.         0.02400202 0.01104402],1.654567,8.093137
Young men and women wearing white shirts and ties march in a Nazi parade in Frankfurt.,https://collections.ushmm.org/search/catalog/pa1173832,https://collections.ushmm.org/iiif-b/assets/thumbs/719731,[0.         0.         0.02297629 ... 0.         0.         0.015057  ],2.9119394,11.219311
"Illustrated page from the diary of Egon Weiss, showing the sinking of the Patria, which he compiled during and immediately after his detention in the camp.",https://collections.ushmm.org/search/catalog/pa1174869,https://collections.ushmm.org/iiif-b/assets/thumbs/714488,[0. 0. 0. ... 0. 0. 0.],-1.151366,9.114516
Harry Markowicz poses for a portrait shortly after liberation.,https://collections.ushmm.org/search/catalog/pa1176057,https://collections.ushmm.org/iiif-b/assets/thumbs/717129,[0.         0.00923323 0.         ... 0.         0.         0.        ],1.9581532,9.135413
Two Jewish men shovel snow in the Krosno ghetto.,https://collections.ushmm.org/search/catalog/pa1176159,https://collections.ushmm.org/iiif-b/assets/thumbs/710123,[0.       0.       0.       ... 0.       0.       0.001871],2.3752348,9.832464
A young German soldier tries on his gas mask during basic training.,https://collections.ushmm.org/search/catalog/pa1178884,https://collections.ushmm.org/iiif-b/assets/thumbs/711291,[0. 0. 0. ... 0. 0. 0.],2.3885226,9.805399
Edith Heller and her daughter Ruth pose outside their Sukkah.  They built the Sukkah on the roof of their apartment in a retirement home in celebration of Sukkot.,https://collections.ushmm.org/search/catalog/pa1178945,https://collections.ushmm.org/iiif-b/assets/thumbs/711672,[0. 0. 0. ... 0. 0. 0.],2.079322,9.72399
Pedestrians gather around a poster advertising joint speeches to be held by Hitler and Mussolini in Berlin.,https://collections.ushmm.org/search/catalog/pa1184890,https://collections.ushmm.org/iiif-b/assets/thumbs/1058024,[0. 0. 0. ... 0. 0. 0.],3.4214723,9.93725
"Etching on the front page of the Nazi publication, Der Stuermer, depicting a ritual murder.",https://collections.ushmm.org/search/catalog/pa1120782,https://collections.ushmm.org/iiif-b/assets/thumbs/767403,[0.         0.0175074  0.03379925 ... 0.         0.         0.        ],1.6475438,9.163309
"Chief Rabbi of Palestine, Isaac Herzog, pays an official visit to the Zeilsheim displaced persons' camp.",https://collections.ushmm.org/search/catalog/pa31233,https://collections.ushmm.org/iiif-b/assets/thumbs/779632,[0.01309902 0.00217891 0.02833468 ... 0.         0.01435378 0.        ],5.8385587,10.189461
Jewish DPs commemorate the death march from Dachau to Tyrol while they hold a protest against British immigration policy to Palestine at the Mittenwald displaced persons camp.,https://collections.ushmm.org/search/catalog/pa31328,https://collections.ushmm.org/iiif-b/assets/thumbs/700344,[0.         0.         0.         ... 0.         0.         0.00377067],4.9673767,9.806917
A group of young Jewish DPs pose on a street in the Lampertheim displaced persons camp.,https://collections.ushmm.org/search/catalog/pa1131225,https://collections.ushmm.org/iiif-b/assets/thumbs/732132,[0. 0. 0. ... 0. 0. 0.],3.9072974,10.724282
Letter written by Varian Fry to the American consul at the U.S. embassy in Vichy seeking his help in obtaining an exit visa for Walter Meyerhof.,https://collections.ushmm.org/search/catalog/pa1131256,https://collections.ushmm.org/iiif-b/assets/thumbs/747304,[0.         0.         0.02469058 ... 0.         0.         0.01629293],-1.0453573,8.422677
Two Jewish men at forced labor clearing rubble in Konskowola.,https://collections.ushmm.org/search/catalog/pa1064928,https://collections.ushmm.org/iiif-b/assets/thumbs/765982,[0.         0.00426953 0.         ... 0.         0.         0.        ],5.203923,8.756189
"A section of the Maginot Line, after the defeat of France by the German army.",https://collections.ushmm.org/search/catalog/pa1064955,https://collections.ushmm.org/iiif-b/assets/thumbs/732985,[0.00713105 0.02290449 0.         ... 0.         0.02091464 0.        ],3.9165988,9.437197
"Notice to MS St. Louis passengers from the passenger committee and the ship's crew, typewritten on Hamburg-Amerika Line letterhead, informing passengers that landing in Havana remains a possibility, and asking them to be hopeful and ready to respond to an official confirmation of permission to land.",https://collections.ushmm.org/search/catalog/pa1110816,https://collections.ushmm.org/iiif-b/assets/thumbs/751704,[0.         0.         0.03110672 ... 0.         0.         0.01345491],-1.0195148,8.524403
Prisoners at forced labor in the Wiener Graben quarry at the Mauthausen concentration camp.,https://collections.ushmm.org/search/catalog/pa5109,https://collections.ushmm.org/iiif-b/assets/thumbs/746212,[0.         0.03226541 0.         ... 0.         0.         0.        ],5.1031423,9.115472
"A Nazi rally in front of the ""Voelkerschlachtsdenkmal"" the monument commemorating the defeat of Napoleon in 1813.",https://collections.ushmm.org/search/catalog/pa6207,https://collections.ushmm.org/iiif-b/assets/thumbs/774561,[0.02186116 0.         0.         ... 0.00593012 0.         0.0152733 ],4.2153482,10.292995
Survivors sit on the floor in the infirmary barracks for Jewish prisoners in the Ebensee concentration camp.,https://collections.ushmm.org/search/catalog/pa7319,https://collections.ushmm.org/iiif-b/assets/thumbs/766807,[0.00265315 0.         0.         ... 0.         0.         0.        ],6.0692058,9.733822
Corpses piled in a wooded area near Bergen-Belsen.,https://collections.ushmm.org/search/catalog/pa7512,https://collections.ushmm.org/iiif-b/assets/thumbs/730267,[0.01124342 0.02710311 0.         ... 0.         0.01222866 0.        ],4.853992,9.173428
"Jewish women and children from Subcarpathian Rus who have been selected for death at Auschwitz-Birkenau, walk toward the gas chambers.",https://collections.ushmm.org/search/catalog/pa8542,https://collections.ushmm.org/iiif-b/assets/thumbs/779943,[0. 0. 0. ... 0. 0. 0.],4.5976095,11.362948
"Jewish women and children from Subcarpathian Rus who have been selected for death at Auschwitz-Birkenau, walk toward the gas chambers.",https://collections.ushmm.org/search/catalog/pa8580,https://collections.ushmm.org/iiif-b/assets/thumbs/779940,[0.05532429 0.         0.         ... 0.         0.         0.        ],4.6926064,10.898632
Troops with the American 82nd Airborne Division examine corpses found in the latrine of the Woebbelin concentration camp.,https://collections.ushmm.org/search/catalog/pa8931,https://collections.ushmm.org/iiif-b/assets/thumbs/753791,[0.         0.01029878 0.         ... 0.         0.         0.        ],5.4262223,9.230158
Passengers lounge on the deck of the refugee ship MS St. Louis.,https://collections.ushmm.org/search/catalog/pa11620,https://collections.ushmm.org/iiif-b/assets/thumbs/703454,[0.         0.         0.00711067 ... 0.         0.         0.        ],5.374777,9.672564
A cantor sings at a public ceremony sponsored by the Central Committee of Liberated Jews in the U.S. Zone of Germany.,https://collections.ushmm.org/search/catalog/pa11810,https://collections.ushmm.org/iiif-b/assets/thumbs/780869,[0.         0.         0.00675446 ... 0.         0.         0.        ],3.957521,11.373594
"A group of Jews return to the ghetto after forced labor on the outside. Here, they line-up to be searched. Jewish police stand among them.",https://collections.ushmm.org/search/catalog/pa11874,https://collections.ushmm.org/iiif-b/assets/thumbs/726750,[0.01409627 0.         0.         ... 0.         0.         0.        ],3.7790627,9.670384
Two women work on a large agricultural plot in the Kovno ghetto.,https://collections.ushmm.org/search/catalog/pa11949,https://collections.ushmm.org/iiif-b/assets/thumbs/726651,[0.         0.01644637 0.         ... 0.         0.         0.        ],5.0422606,8.522882
The corpse of a Jewish prisoner who was gassed at Natzweiler-Struthof and whose body was kept in a vat of alcohol at the Strasbourg University Anatomical Institute for over a year until it was discovered by Allied forces.,https://collections.ushmm.org/search/catalog/pa11974,https://collections.ushmm.org/iiif-b/assets/thumbs/729341,[0.         0.         0.         ... 0.         0.05442642 0.00986513],3.972645,7.7109547
"The sanctuary of a synagogue in Hanau, Germany.",https://collections.ushmm.org/search/catalog/pa12148,https://collections.ushmm.org/iiif-b/assets/thumbs/700339,[0.         0.         0.04572447 ... 0.         0.         0.        ],5.3514895,10.104896
A young Jewish boy studies his Hebrew reading book on the steps of his house in the old Jewish quarter of Rome.,https://collections.ushmm.org/search/catalog/pa12927,https://collections.ushmm.org/iiif-b/assets/thumbs/778219,[0. 0. 0. ... 0. 0. 0.],5.5064054,8.919681
The personal belongings of Jews killed at Babi Yar.,https://collections.ushmm.org/search/catalog/pa13091,https://collections.ushmm.org/iiif-b/assets/thumbs/779704,[0. 0. 0. ... 0. 0. 0.],5.126668,11.379959
Women in the barracks of the newly liberated Auschwitz concentration camp.,https://collections.ushmm.org/search/catalog/pa14269,https://collections.ushmm.org/iiif-b/assets/thumbs/739772,[0.         0.         0.         ... 0.         0.         0.01011932],5.778205,9.523633
"Jews from Subcarpathian Rus who have been selected for forced labor at Auschwitz-Birkenau, wait to be taken to another section of the camp.",https://collections.ushmm.org/search/catalog/pa14889,https://collections.ushmm.org/iiif-b/assets/thumbs/738060,[0.01729808 0.         0.         ... 0.         0.         0.        ],4.7718062,11.208263
Corpses lined up on the west side of the barn with a visible hole supposedly made by a Panzerfaust.  In the background German civilians remove corpses from the barn.,https://collections.ushmm.org/search/catalog/pa19170,https://collections.ushmm.org/iiif-b/assets/thumbs/744048,[0.         0.02082782 0.         ... 0.         0.         0.        ],3.8319693,9.552255
The deportation of Jews from Westerbork.  Members of the Ordedienst (Jewish police) are visible in the foreground.,https://collections.ushmm.org/search/catalog/pa24295,https://collections.ushmm.org/iiif-b/assets/thumbs/755751,[0.         0.         0.00387441 ... 0.         0.         0.        ],4.299676,11.448448
A group of German-Jewish refugee women and children aboard a Greek vessel [the Aghia Dezioni] on their way to Palestine.,https://collections.ushmm.org/search/catalog/pa25818,https://collections.ushmm.org/iiif-b/assets/thumbs/787382,[0.         0.         0.04116739 ... 0.         0.         0.04451746],2.3429976,8.702611
"The Olympic stadium in Berlin, site of the 11th Olympic Games.",https://collections.ushmm.org/search/catalog/pa26681,https://collections.ushmm.org/iiif-b/assets/thumbs/783493,[0.         0.01746628 0.         ... 0.02809505 0.         0.        ],2.9724765,9.947438
"David Ben-Gurion, Chairman of the Jewish Agency Executive, on an official visit to the Zeilsheim displaced persons camp.",https://collections.ushmm.org/search/catalog/pa28295,https://collections.ushmm.org/iiif-b/assets/thumbs/779569,[0.         0.02007283 0.00822185 ... 0.         0.         0.02175631],3.5332327,7.6454253
An aerial view of the Mauthausen area. [Oversized Photo],https://collections.ushmm.org/search/catalog/pa29095,https://collections.ushmm.org/iiif-b/assets/thumbs/772690,[0. 0. 0. ... 0. 0. 0.],5.035661,10.980766
The bodies of two Czech prisoners shot in the Wiener Graben quarry at Mauthausen.,https://collections.ushmm.org/search/catalog/pa29746,https://collections.ushmm.org/iiif-b/assets/thumbs/746236,[0.         0.01030955 0.         ... 0.         0.         0.        ],4.2203465,9.033796
"The Morgenstern family poses with their rescuer, Walentyna Zak, while living in hiding.",https://collections.ushmm.org/search/catalog/pa1032277,https://collections.ushmm.org/iiif-b/assets/thumbs/731863,[0.         0.01959448 0.         ... 0.         0.04437334 0.        ],3.9637508,11.3343525
Portrait of Karl Brandt as a defendant in the Medical Case Trial at Nuremberg.,https://collections.ushmm.org/search/catalog/pa1036599,https://collections.ushmm.org/iiif-b/assets/thumbs/748137,[0.         0.         0.01126974 ... 0.         0.         0.02232032],2.2789836,7.4901276
Members of the Wachenheimer family pose in front of their dry goods store.,https://collections.ushmm.org/search/catalog/pa1036732,https://collections.ushmm.org/iiif-b/assets/thumbs/767849,[0.         0.         0.         ... 0.         0.04033762 0.00160937],3.7265332,8.1191635
Portrait of the Bocahut family at a wedding celebration (sitting to the groom's right).,https://collections.ushmm.org/search/catalog/pa1039222,https://collections.ushmm.org/iiif-b/assets/thumbs/678146,[0.         0.         0.         ... 0.00523077 0.         0.02763264],2.1966646,10.122449
"Corporal Jack R. Nowitz (center), a lawyer on the staff of the Judge Advocate General, 3rd U.S. Army, checks books listing exterminations at Gusen.",https://collections.ushmm.org/search/catalog/pa1046067,https://collections.ushmm.org/iiif-b/assets/thumbs/729322,[0.         0.         0.04328441 ... 0.         0.02446897 0.02403758],3.406028,7.924471
Portrait of a German Jewish girl holding a Schultüte [school cone] full of candy on her first day of school in Leipzig.,https://collections.ushmm.org/search/catalog/pa1050702,https://collections.ushmm.org/iiif-b/assets/thumbs/758479,[0.         0.         0.         ... 0.         0.         0.02201599],5.3579984,7.911471
"Defendant Fritz Sauckel, the former Plenipotentiary General for Labor, in his prison cell at the International Military Tribunal trial of war criminals at Nuremberg.",https://collections.ushmm.org/search/catalog/pa1053323,https://collections.ushmm.org/iiif-b/assets/thumbs/737830,[0.         0.         0.01480327 ... 0.         0.01530636 0.        ],3.4281318,7.3394976
Jews who are being forced to relocate to the Krakow ghetto move their belongings in carts and horse-drawn wagons across the bridge over the Vistula River.,https://collections.ushmm.org/search/catalog/pa1054780,https://collections.ushmm.org/iiif-b/assets/thumbs/731133,[0.01488038 0.         0.         ... 0.         0.         0.        ],5.0486116,11.92487
"Portrait of a young Jewish woman in Sosnowiec, Poland.",https://collections.ushmm.org/search/catalog/pa1056137,https://collections.ushmm.org/iiif-b/assets/thumbs/743502,[0.         0.00471431 0.01307015 ... 0.         0.         0.02585973],1.8436103,8.293619
A Jewish man and woman from Sejny sit outside a wooden house.,https://collections.ushmm.org/search/catalog/pa1056803,https://collections.ushmm.org/iiif-b/assets/thumbs/745724,[0.        0.0462849 0.        ... 0.        0.        0.       ],5.4512963,7.982496
The courtroom during the Krupp Trial.,https://collections.ushmm.org/search/catalog/pa1058609,https://collections.ushmm.org/iiif-b/assets/thumbs/750876,[0.03624168 0.         0.         ... 0.         0.00329374 0.03224423],4.8352222,11.927049
"The front of a post card sent from Iva Ledec, a German Jewish prisoner in Theresienstadt, to Juliana Behounek.",https://collections.ushmm.org/search/catalog/pa1058691,https://collections.ushmm.org/iiif-b/assets/thumbs/771195,[0.         0.01346722 0.         ... 0.03292777 0.         0.03217187],-0.7293558,8.483891
"William Bernstein, aged 23, a member of the crew of the President Warfield/Exodus 1947, poses on the deck of the ship before its departure for Europe.",https://collections.ushmm.org/search/catalog/pa1058715,https://collections.ushmm.org/iiif-b/assets/thumbs/735955,[0.         0.02474996 0.00236368 ... 0.         0.         0.        ],4.3400073,8.003422
"Corpses that were removed from the central barracks (Boelke Kaserne) lie in rows, while in the background an American soldier orders assembled German civilians from the nearby town of Nordhausen to begin transporting the bodies to a nearby mass grave for burial.",https://collections.ushmm.org/search/catalog/pa1058779,https://collections.ushmm.org/iiif-b/assets/thumbs/730902,[0.         0.00478613 0.         ... 0.         0.         0.        ],4.8476806,9.243149
The barbed-wire fence and moat that surrounded the Dachau concentration camp.,https://collections.ushmm.org/search/catalog/pa1059704,https://collections.ushmm.org/iiif-b/assets/thumbs/768625,[0.         0.02216815 0.         ... 0.         0.         0.        ],4.0686398,10.065989
A Jewish couple wearing armbands stands near the Hungarian-Jewish Labor Camp where Company 108/57 was housed.,https://collections.ushmm.org/search/catalog/pa1060692,https://collections.ushmm.org/iiif-b/assets/thumbs/756394,[0. 0. 0. ... 0. 0. 0.],5.040246,7.8235693
"Fritz and Babette Spanier stand at the rail of the MS St. Louis with their twin daughters, Renate and Ines.",https://collections.ushmm.org/search/catalog/pa1068854,https://collections.ushmm.org/iiif-b/assets/thumbs/703316,[0.         0.         0.         ... 0.         0.         0.03229231],4.4330397,8.068404
Gerd and Rolf Altschul climb on a ladder on the deck of the St. Louis.,https://collections.ushmm.org/search/catalog/pa1068920,https://collections.ushmm.org/iiif-b/assets/thumbs/703415,[0.         0.         0.02314309 ... 0.         0.         0.04878435],4.5377207,7.440406
"An elderly female survivor poses in front of a barred window at the Hadamar Institute, where she was imprisoned for writing anti-Nazi articles.",https://collections.ushmm.org/search/catalog/pa1071125,https://collections.ushmm.org/iiif-b/assets/thumbs/701180,[0.         0.         0.         ... 0.         0.02491487 0.        ],3.8933432,7.6795297
"An envelope of a registered letter sent from  Dabrowa  by Bajla Gertner to Alfred Schwartzbaum in Lausanne, Switzerland.  The return address of the sender or senders states:  Bendsburg, Am Wasser 12/I.  On the back of the envelope there is a piece of tape with a stamp of the German censor.",https://collections.ushmm.org/search/catalog/pa1071984,https://collections.ushmm.org/iiif-b/assets/thumbs/779820,"[0.0000000e+00 0.0000000e+00 2.5795426e-02 ... 1.5675347e-05 0.0000000e+00
 3.2455657e-02]",-0.9712814,9.175479
"A document certifying that Mendel Rozenblit has completed the required period of quarantine for typhus at the Dachau concentration camp and may now be released for repatriation.  The release was signed by William A. Smiley, camp surgeon.",https://collections.ushmm.org/search/catalog/pa1072342,https://collections.ushmm.org/iiif-b/assets/thumbs/728046,"[0.000000e+00 0.000000e+00 0.000000e+00 ... 6.004868e-05 0.000000e+00
 8.281919e-03]",-1.1093178,8.535176
"Portrait of the donor's son, Heinrich Muller, with a dog in the courtyard behind their home and business in Hlohovec, Czechoslovakia.",https://collections.ushmm.org/search/catalog/pa1079081,https://collections.ushmm.org/iiif-b/assets/thumbs/761784,[0.04330017 0.         0.         ... 0.         0.         0.        ],5.7829375,8.253453
Engagement portrait of Leibush Saleschütz and Hannah Gold.,https://collections.ushmm.org/search/catalog/pa1080828,https://collections.ushmm.org/iiif-b/assets/thumbs/1192870,[0.         0.         0.02320195 ... 0.         0.         0.03132469],1.5428103,8.918494
Three religious Jewish men wearing armbands pose on a street in the Bedzin ghetto.,https://collections.ushmm.org/search/catalog/pa1083887,https://collections.ushmm.org/iiif-b/assets/thumbs/743602,[0.         0.         0.00371205 ... 0.         0.         0.05899952],2.3624642,9.250649
A note written by Dr. Jakob Ferber to the Health department of the Jewish administration of Bedzin requesting the medical assistance of Hanka Granek.,https://collections.ushmm.org/search/catalog/pa1084000,https://collections.ushmm.org/iiif-b/assets/thumbs/779808,[0. 0. 0. ... 0. 0. 0.],-1.2815311,9.025845
"Jozsef Gecse, a Hungarian Nazi who was active in the ghetto, sits next to the body of a Jew killed in the ghetto in Dej",https://collections.ushmm.org/search/catalog/pa1086738,https://collections.ushmm.org/iiif-b/assets/thumbs/771434,[0.         0.01143885 0.         ... 0.         0.         0.        ],5.5950904,9.130674
An official letter sent to Melania Elbert stating that she has left the Jewish religion.,https://collections.ushmm.org/search/catalog/pa1087735,https://collections.ushmm.org/iiif-b/assets/thumbs/733381,[0.         0.         0.01356706 ... 0.00201898 0.         0.00909528],-0.5665284,8.50436
"The bodies of Jews removed from the Iasi death train during a stop on the journey, are laid out in rows beside the tracks.",https://collections.ushmm.org/search/catalog/pa1088014,https://collections.ushmm.org/iiif-b/assets/thumbs/741564,[0.         0.01264384 0.         ... 0.00615707 0.         0.01924157],1.5113252,9.878522
"A permit given to the Slovak Jew, Alice Elbert, allowing her to travel to a dentist in a nearby town.",https://collections.ushmm.org/search/catalog/pa1088354,https://collections.ushmm.org/iiif-b/assets/thumbs/731293,[0.         0.         0.00319014 ... 0.         0.         0.        ],-0.63056743,8.551527
Necha Ajzen poses next to her husband's grave in Gorky.,https://collections.ushmm.org/search/catalog/pa1088817,https://collections.ushmm.org/iiif-b/assets/thumbs/758347,[0.         0.         0.02206772 ... 0.         0.         0.        ],1.7987361,9.469656
"A notice bearing a special stamp that was sent to Marcel Hajsky by the Prague Jewish Council, instructing him how to send a care package to his grandmother, Fanny Goldstein, who was interned in the Theresienstadt concentration camp.  The enclosed stamp had to be attached to any package that was sent to the camp.",https://collections.ushmm.org/search/catalog/pa1089006,https://collections.ushmm.org/iiif-b/assets/thumbs/749402,[0.         0.         0.         ... 0.00341448 0.         0.        ],-1.2379388,8.710054
A Jewish mother poses with her two daughters at the Fuerth displaced persons camp.,https://collections.ushmm.org/search/catalog/pa1090609,https://collections.ushmm.org/iiif-b/assets/thumbs/762001,[0.         0.03200307 0.         ... 0.         0.         0.        ],2.5704596,10.403961
"Sketch of five women by Lili Andrieux entitled, ""Barracks Interior with Bread and Two Bottles (Version II).""",https://collections.ushmm.org/search/catalog/pa1091774,https://collections.ushmm.org/iiif-b/assets/thumbs/699352,[0. 0. 0. ... 0. 0. 0.],2.607545,11.171603
View of the OSE (Oeuvre de Secours aux Enfants) children's home at Collognes au Mont d'or.,https://collections.ushmm.org/search/catalog/pa1094852,https://collections.ushmm.org/iiif-b/assets/thumbs/774400,[0.         0.00981082 0.         ... 0.         0.         0.        ],2.414199,10.517217
Children in the Hitler Youth and League of German Girls on an outing with their supervisors.,https://collections.ushmm.org/search/catalog/pa1101666,https://collections.ushmm.org/iiif-b/assets/thumbs/760098,[0.01615436 0.         0.         ... 0.         0.         0.        ],3.9327335,9.98219
"Austrian Jewish refugees pose on the deck of the SS Virgilio on their journey from Italy to Chile.  From Chile they traveled overland to their new homes in La Paz, Bolivia.",https://collections.ushmm.org/search/catalog/pa1102791,https://collections.ushmm.org/iiif-b/assets/thumbs/735880,[0.01742193 0.         0.         ... 0.         0.00141712 0.        ],4.7309422,11.249771
Name: Friedrich-Paul von Groszheim,https://collections.ushmm.org/search/catalog/pa1104307,https://collections.ushmm.org/iiif-b/assets/thumbs/752860,[0.         0.         0.03139268 ... 0.         0.02820619 0.01022558],2.1971822,7.6790886
"Invitation to the reopening of the Zion clothing and fabric store in Eibergen, which includes a brief account of its history during the war.",https://collections.ushmm.org/search/catalog/pa1105507,https://collections.ushmm.org/iiif-b/assets/thumbs/731259,[0.         0.         0.01380403 ... 0.02140156 0.         0.02246377],-0.34413218,8.488093
"Damaged photograph of a group of artist friends in Kovno, Lithuania that survived the destruction of the Kovno ghetto.",https://collections.ushmm.org/search/catalog/pa1105867,https://collections.ushmm.org/iiif-b/assets/thumbs/768333,[0.         0.02162993 0.         ... 0.         0.         0.        ],4.1928406,10.4976015
"Portrait of an unidentified child messenger for the Kovno ghetto Jewish Council, pen and ink drawing by Josef Schlesinger.",https://collections.ushmm.org/search/catalog/pa1106646,https://collections.ushmm.org/iiif-b/assets/thumbs/781401,[0.         0.         0.02925996 ... 0.00591977 0.         0.03674126],0.1314307,8.800575
A social gathering at the Hitler Jugend Heim (Hitler Youth home) in Poessneck.,https://collections.ushmm.org/search/catalog/pa1108948,https://collections.ushmm.org/iiif-b/assets/thumbs/738400,[0.0107446 0.        0.        ... 0.        0.        0.       ],4.8182445,11.848486
"Rochel Sutin sits with her daugher, Cecilia, on a park bench in the Neu Freimann displaced persons camp.",https://collections.ushmm.org/search/catalog/pa1116822,https://collections.ushmm.org/iiif-b/assets/thumbs/754175,[0.         0.05059807 0.         ... 0.         0.         0.        ],5.1009045,8.450205
Cobblers making boots in the Neu Freimann displaced persons camp.,https://collections.ushmm.org/search/catalog/pa1116898,https://collections.ushmm.org/iiif-b/assets/thumbs/754135,[0.         0.         0.01859213 ... 0.         0.         0.        ],5.8439007,9.495611
"Pages ten and eleven of the German passport issued to Isidor Abraham (the grandfather of the donor's wife) on April 11, 1939.",https://collections.ushmm.org/search/catalog/pa1116953,https://collections.ushmm.org/iiif-b/assets/thumbs/983916,[0. 0. 0. ... 0. 0. 0.],-0.9425195,9.422761
"The table titled ""Emigration from Japan, July 1940-November 1941"" from the ""Report of the Activity of the Committee for Assistance to Refugees"" compiled by the Jewish Community (Jewcom) in Kobe to record the movement of refugees through Japan.",https://collections.ushmm.org/search/catalog/pa1117689,https://collections.ushmm.org/iiif-b/assets/thumbs/786452,[0.         0.         0.00290314 ... 0.         0.         0.        ],-1.1339613,8.5138855
"At the liberal Zerrennerstrasse synagogue in Pforzheim, Cantor Hermann Levy blesses Siegbert Levy during his bar mitzvah, while Siegbert's great-uncle (holding the Torah scroll) looks on.",https://collections.ushmm.org/search/catalog/pa1117774,https://collections.ushmm.org/iiif-b/assets/thumbs/754966,[0.         0.         0.00695674 ... 0.         0.         0.03458419],4.103059,11.752543
Dr. Michal Eliasberg performs surgery in the Lodz ghetto hospital.,https://collections.ushmm.org/search/catalog/pa1118568,https://collections.ushmm.org/iiif-b/assets/thumbs/729098,[0.         0.00321653 0.02579105 ... 0.         0.00331478 0.0500713 ],2.2201004,8.554505
The staff of the Foto-Brenner company at work in their office in Rome.,https://collections.ushmm.org/search/catalog/pa1118653,https://collections.ushmm.org/iiif-b/assets/thumbs/725635,[0.         0.00904572 0.         ... 0.         0.         0.01266285],5.8033795,9.982833
A woman cries in grief for the loss of her husband and other victims of the Kielce pogrom during the public burial.,https://collections.ushmm.org/search/catalog/pa1119105,https://collections.ushmm.org/iiif-b/assets/thumbs/770294,[0.00172107 0.         0.         ... 0.         0.         0.        ],4.200172,11.527209
"A young man on a motorcycle gazes up at a sign posted on a telephone pole that reads, ""Jews are not welcomed here.""",https://collections.ushmm.org/search/catalog/pa1119817,https://collections.ushmm.org/iiif-b/assets/thumbs/739938,[0.         0.00406733 0.         ... 0.         0.01371903 0.02615144],4.262979,9.831004
"Group portrait of Jewish refugee children from Germany and London, on the deck of the MS Batory as the ship arrives in Melbourne.",https://collections.ushmm.org/search/catalog/pa1123112,https://collections.ushmm.org/iiif-b/assets/thumbs/759979,[0.01234039 0.         0.         ... 0.         0.01320554 0.02933089],4.8041997,11.838737
Gisela Soldinger rests on the grass in Bilzen where her family was forced to live in anticipation of deportation back to Germany.,https://collections.ushmm.org/search/catalog/pa1123817,https://collections.ushmm.org/iiif-b/assets/thumbs/769299,[0.         0.         0.00570486 ... 0.         0.         0.00758151],1.8426131,9.425489
Three young cousins stand on a snowy bridge in Eisiskes.,https://collections.ushmm.org/search/catalog/pa1125934,https://collections.ushmm.org/iiif-b/assets/thumbs/734916,[0.         0.         0.00802923 ... 0.         0.         0.        ],2.5125484,10.578303
Ivar Segalowitz rides his tricycle down a street in Memel.,https://collections.ushmm.org/search/catalog/pa1126079,https://collections.ushmm.org/iiif-b/assets/thumbs/725018,[0.         0.         0.         ... 0.         0.         0.01240943],3.5940068,11.3664465
"Studio portrait of Dovid Elhanan Moszczenik, a Jewish builder in Eisiskes.",https://collections.ushmm.org/search/catalog/pa1126135,https://collections.ushmm.org/iiif-b/assets/thumbs/734938,[0.        0.        0.0487523 ... 0.        0.        0.03574  ],2.0813851,8.293851
A group of young Zionists pose in front of a shed at a lumberyard in Bedzin prior to the departure of one of their members for Palestine.,https://collections.ushmm.org/search/catalog/pa1129143,https://collections.ushmm.org/iiif-b/assets/thumbs/728427,[0.         0.00609986 0.         ... 0.         0.         0.        ],3.1811528,10.774933
Group portrait of Jewish high school students at the Hebrew gymnasium in Mukachevo.,https://collections.ushmm.org/search/catalog/pa1129395,https://collections.ushmm.org/iiif-b/assets/thumbs/764812,[0.00514885 0.01932427 0.         ... 0.         0.         0.02494448],4.6067815,11.892466
Portrait of Shuduka Benjakar.  She lived at Drinkska 119 in Bitola.,https://collections.ushmm.org/search/catalog/pa1132045,https://collections.ushmm.org/iiif-b/assets/thumbs/759841,[0.         0.04029976 0.00612156 ... 0.         0.         0.        ],2.9307272,7.235838
"Portrait of Estreya Benjakar, wife of Shabetai Benjakar.  She lived at Kossantschitscheva 7 in Bitola.",https://collections.ushmm.org/search/catalog/pa1132065,https://collections.ushmm.org/iiif-b/assets/thumbs/759870,[0.         0.00122929 0.00819175 ... 0.         0.         0.0040797 ],2.1977708,7.4988723
Portrait of Isak Eschkenasi.,https://collections.ushmm.org/search/catalog/pa1132107,https://collections.ushmm.org/iiif-b/assets/thumbs/759860,[0.         0.01525385 0.         ... 0.         0.         0.00514055],2.1083186,7.4897428
"Portrait of Mois Kamchi, son of Solomon Kamchi.  He was an auto dealer.  He lived at Karagoryeva 107 in Bitola.",https://collections.ushmm.org/search/catalog/pa1132325,https://collections.ushmm.org/iiif-b/assets/thumbs/751383,[0.         0.01928177 0.04049591 ... 0.         0.         0.        ],2.252696,7.3950596
Portrait of Isak Koen.  He lived at Novatska 4 in Bitola.,https://collections.ushmm.org/search/catalog/pa1132447,https://collections.ushmm.org/iiif-b/assets/thumbs/767134,[0.         0.01867288 0.03601595 ... 0.         0.         0.00014393],2.0508425,7.4766483
Portrait of Gauleiter Karl Wahl.,https://collections.ushmm.org/search/catalog/pa1133318,https://collections.ushmm.org/iiif-b/assets/thumbs/768520,[0.         0.         0.04234964 ... 0.         0.         0.02711865],1.7552955,8.104703
Blank Schutzbrief [protective letter] issued by the Portuguese legation to Hungary in 1944.,https://collections.ushmm.org/search/catalog/pa1133496,https://collections.ushmm.org/iiif-b/assets/thumbs/769151,[0.         0.         0.01369184 ... 0.         0.         0.01907385],-0.9446929,8.388133
"""World War II Personalities in Cartoons/Originals done for 'La Nacion' Santo Domingo, 1939-1946""",https://collections.ushmm.org/search/catalog/pa1133545,https://collections.ushmm.org/iiif-b/assets/thumbs/775822,[0. 0. 0. ... 0. 0. 0.],-1.1936747,9.186709
Prewar photo of the Mautner family.,https://collections.ushmm.org/search/catalog/pa1133705,https://collections.ushmm.org/iiif-b/assets/thumbs/769115,[0.         0.         0.00596177 ... 0.         0.         0.07112248],4.1745553,8.448457
Wedding portrait of Iser Bystryn and Sara Wolksky in 1930.,https://collections.ushmm.org/search/catalog/pa1133756,https://collections.ushmm.org/iiif-b/assets/thumbs/749112,[0.         0.         0.04823406 ... 0.         0.01218202 0.03069384],3.1077435,7.755433
Portrait of a Jewish father and daughter in Dolina.,https://collections.ushmm.org/search/catalog/pa1136568,https://collections.ushmm.org/iiif-b/assets/thumbs/736812,[0.         0.         0.         ... 0.         0.00576569 0.        ],5.0229635,8.009789
Portrait of Field Marshall Wilhelm Ritter von Leeb taken during a recess in the IMT Nuremberg commission hearings investigating indicted Nazi organizations.,https://collections.ushmm.org/search/catalog/pa1140028,https://collections.ushmm.org/iiif-b/assets/thumbs/781017,[0.         0.         0.04084868 ... 0.         0.         0.01631099],1.7933592,8.139465
David and Paula Schwab pose in front of a car with their two children Gerd and Margot.,https://collections.ushmm.org/search/catalog/pa1140335,https://collections.ushmm.org/iiif-b/assets/thumbs/747375,[0.        0.        0.        ... 0.        0.        0.0072491],3.4394422,11.207618
View of the courtroom during a session of the International Military Tribunal trial of war criminals at Nuremberg.,https://collections.ushmm.org/search/catalog/pa1140387,https://collections.ushmm.org/iiif-b/assets/thumbs/747381,[0.         0.         0.         ... 0.         0.         0.02838682],3.2410367,9.815863
Two classmates from the Tarbut school in Luck stand outside a stone porch.,https://collections.ushmm.org/search/catalog/pa1143368,https://collections.ushmm.org/iiif-b/assets/thumbs/738436,[0.         0.         0.01591626 ... 0.         0.         0.01158792],4.5357533,8.5504055
"One page of an illustrated album produced by Gyorgy Beifeld (1902-1982), a Hungarian Jew from Budapest, who was drafted into the Munkaszolgalat (Hungarian Labor Service system) and spent more than a year on the Soviet front, from April 1942 through May 1943.  The album contains 402 drawings and watercolors by Byfield, as well as a narrative of his experiences.",https://collections.ushmm.org/search/catalog/pa1143412,https://collections.ushmm.org/iiif-b/assets/thumbs/1289018,[0.         0.02379722 0.0109376  ... 0.02394974 0.         0.00361197],-0.15867952,8.902239
Verso of an identification card for Schendel Margosis issued by the Marseilles police stating that she is a Persian citizen and not permitted to work.  The card was stamped by the police at regular intervals.,https://collections.ushmm.org/search/catalog/pa1143706,https://collections.ushmm.org/iiif-b/assets/thumbs/762643,[0.         0.00399169 0.01596774 ... 0.         0.         0.        ],-0.8226381,8.944557
Isidore Levy poses with his gas mask while serving in the Greek army.,https://collections.ushmm.org/search/catalog/pa1144278,https://collections.ushmm.org/iiif-b/assets/thumbs/735426,[0.         0.         0.         ... 0.         0.         0.01945871],4.4806376,8.274384
View of the entrance to the Dachau concentration camp with the Prussian eagle perched on top.,https://collections.ushmm.org/search/catalog/pa1144526,https://collections.ushmm.org/iiif-b/assets/thumbs/726446,[0.02962638 0.         0.         ... 0.         0.00433126 0.        ],2.9016833,10.036886
Detail of the 14th Street facade of the U.S. Holocaust Memorial Museum.,https://collections.ushmm.org/search/catalog/pa1144623,https://collections.ushmm.org/iiif-b/assets/thumbs/759713,[0. 0. 0. ... 0. 0. 0.],2.975941,9.85002
Pile of discarded personal items and scrap metal in the Pabianice labor camp/storage facility.,https://collections.ushmm.org/search/catalog/pa1144698,https://collections.ushmm.org/iiif-b/assets/thumbs/743688,[0.         0.         0.01883287 ... 0.         0.         0.01616891],2.0934665,10.158876
A woman holds up two chickens in the open-air market in the Lodz ghetto.,https://collections.ushmm.org/search/catalog/pa1144811,https://collections.ushmm.org/iiif-b/assets/thumbs/743650,[0.02688024 0.         0.         ... 0.         0.         0.        ],2.9036543,10.648658
Identification photo from Genia Tola Wasserman's Ausweis which permitted her to work outside the ghetto.,https://collections.ushmm.org/search/catalog/pa1145075,https://collections.ushmm.org/iiif-b/assets/thumbs/738886,[0. 0. 0. ... 0. 0. 0.],2.6318674,7.7694554
Studio portrait of a Jewish mother and son taken while they were living in hiding in Belgium.,https://collections.ushmm.org/search/catalog/pa1146071,https://collections.ushmm.org/iiif-b/assets/thumbs/733948,[0.         0.         0.04769911 ... 0.         0.         0.05223944],2.1990888,8.372739
Group portrait of Jewish refugees at the Shanghai airport.,https://collections.ushmm.org/search/catalog/pa1146108,https://collections.ushmm.org/iiif-b/assets/thumbs/765698,[0.         0.         0.         ... 0.         0.         0.02879312],3.1810791,11.055759
Polish children wearing traditional folk costumes perform folk dances in an orphanage in the Soviet Union run by Marek Liwszyc.,https://collections.ushmm.org/search/catalog/pa1146370,https://collections.ushmm.org/iiif-b/assets/thumbs/765715,[0.02136351 0.         0.         ... 0.         0.         0.        ],4.5049458,10.981546
Group portrait of the extended Pisker family.,https://collections.ushmm.org/search/catalog/pa1146795,https://collections.ushmm.org/iiif-b/assets/thumbs/777035,[0.00407559 0.         0.00411437 ... 0.         0.         0.02968314],2.9123688,11.167671
Meir Katz takes the boys in his cheder class for a boat ride.,https://collections.ushmm.org/search/catalog/pa1147037,https://collections.ushmm.org/iiif-b/assets/thumbs/729425,[0.         0.         0.         ... 0.         0.         0.03160917],2.61185,9.320444
One of the two milk cans in which portions of the Ringelblum Oneg Shabbat archives were hidden and buried in the Warsaw ghetto.  The milk cans are currently in the possession of the Jewish Historical Institute in Warsaw.,https://collections.ushmm.org/search/catalog/pa1147075,https://collections.ushmm.org/iiif-b/assets/thumbs/739560,[0.         0.01418597 0.         ... 0.         0.         0.        ],4.5006657,8.752319
Group portrait of members of the Kwar family with friends visiting from America.,https://collections.ushmm.org/search/catalog/pa1148769,https://collections.ushmm.org/iiif-b/assets/thumbs/764630,[0.         0.         0.02711721 ... 0.         0.         0.01950403],2.987894,10.884542
Studio portrait of a Jewish boy holding a Torah pointer [probably at his Bar Mitzvah].,https://collections.ushmm.org/search/catalog/pa1149814,https://collections.ushmm.org/iiif-b/assets/thumbs/698444,[0.         0.         0.         ... 0.         0.         0.03722883],4.779035,7.6829166
"Two young Jewish brothers wearing matching suits and caps pose next to a hedge in Jaroslaw, Poland.",https://collections.ushmm.org/search/catalog/pa1150397,https://collections.ushmm.org/iiif-b/assets/thumbs/780639,[0.         0.         0.02412727 ... 0.         0.         0.02342237],4.7671,8.148903
"Children from the Jewish kindergarten (located at 9 Mapu Street) in Kovno, Lithuania, pose outside holding leaves.",https://collections.ushmm.org/search/catalog/pa1150666,https://collections.ushmm.org/iiif-b/assets/thumbs/735543,[0.01516433 0.01299482 0.         ... 0.         0.         0.        ],4.599541,11.769636
Survivors stack corpses outside the crematorium in the newly liberated Buchenwald concentration camp while German civilians look on.,https://collections.ushmm.org/search/catalog/pa1150897,https://collections.ushmm.org/iiif-b/assets/thumbs/735512,[0.00243583 0.         0.         ... 0.         0.         0.        ],4.6530843,10.763147
"Studio portrait of three Jewish teenage girls in Chechersk, Belarus.",https://collections.ushmm.org/search/catalog/pa1151082,https://collections.ushmm.org/iiif-b/assets/thumbs/780654,[0. 0. 0. ... 0. 0. 0.],3.4247153,10.905273
Reichsfuehrer-SS Heinrich Himmler speaks to Karl Wolff (center) in front of a train.,https://collections.ushmm.org/search/catalog/pa1151318,https://collections.ushmm.org/iiif-b/assets/thumbs/730763,[0.00454628 0.         0.         ... 0.         0.         0.0299087 ],4.849547,7.6910486
Leaders of the Lampertheim DP camp.,https://collections.ushmm.org/search/catalog/pa1151475,https://collections.ushmm.org/iiif-b/assets/thumbs/764068,[0.         0.         0.0061403  ... 0.         0.02990633 0.        ],3.2937255,8.3460045
"Jacob Zajac, a soldier in the Jewish Brigade, poses with a very young survivor in the Bergen-Belsen concentration camp.",https://collections.ushmm.org/search/catalog/pa1151726,https://collections.ushmm.org/iiif-b/assets/thumbs/772901,[0.         0.00326338 0.         ... 0.         0.         0.        ],4.492186,10.224127
Ernst Jablonsky [Jouhy] works in his office in the Fontenay-aux-Roses children's home.,https://collections.ushmm.org/search/catalog/pa1152085,https://collections.ushmm.org/iiif-b/assets/thumbs/753344,[0.         0.00204921 0.06285513 ... 0.         0.00862995 0.03775327],4.3797183,7.418172
"Five crew members of the President Warfield (later the Exodus 1947), pose around a sign that reads ""Baltimore 1946 Special"" in Baltimore.",https://collections.ushmm.org/search/catalog/pa1152485,https://collections.ushmm.org/iiif-b/assets/thumbs/760470,[0.         0.00311179 0.         ... 0.         0.         0.        ],3.8634615,8.299523
Jewish refugee children gather in a train station in Lisbon prior to their departure for Palestine.,https://collections.ushmm.org/search/catalog/pa1154075,https://collections.ushmm.org/iiif-b/assets/thumbs/729601,[0.        0.        0.        ... 0.        0.        0.0343199],3.2281535,11.427259
Three passengers relax on deck chairs on board the St. Louis.,https://collections.ushmm.org/search/catalog/pa1154960,https://collections.ushmm.org/iiif-b/assets/thumbs/757395,[0.         0.         0.03450622 ... 0.         0.         0.03079138],5.6924005,10.485353
Group portrait of German-Jewish children sitting on the steps of the Ons Boschhious children's home in Driebergen.,https://collections.ushmm.org/search/catalog/pa1155739,https://collections.ushmm.org/iiif-b/assets/thumbs/774015,[0. 0. 0. ... 0. 0. 0.],4.7916093,11.765893
"An American soldier guards the Hungarian Gold Train in Werfen, Austria, soon after the American occupation authorities took custody of the train.",https://collections.ushmm.org/search/catalog/pa1156091,https://collections.ushmm.org/iiif-b/assets/thumbs/737958,[0.00017763 0.02275173 0.         ... 0.         0.         0.        ],4.618173,9.663895
"Nazi propaganda poster entitled, ""Das bleibt geschrieben,"" issued by the ""Parole der Woche,"" a wall newspaper (Wandzeitung) published by the National Socialist Party propaganda office in Munich.",https://collections.ushmm.org/search/catalog/pa1156267,https://collections.ushmm.org/iiif-b/assets/thumbs/738590,[0.         0.         0.00225624 ... 0.0129459  0.         0.        ],-0.5618205,8.6376
"Members of Hanoar Hatzioni, a Zionist youth movement, dance with Torah scrolls in celebration of the Jewish holiday, Simchat Torah,  in the Lodz ghetto.",https://collections.ushmm.org/search/catalog/pa1156781,https://collections.ushmm.org/iiif-b/assets/thumbs/712982,[0.         0.         0.02722703 ... 0.         0.         0.01400435],1.8903658,9.805838
Moisei Kopelman and his son Dmitri rest on a park bench in Kaunas.,https://collections.ushmm.org/search/catalog/pa1156980,https://collections.ushmm.org/iiif-b/assets/thumbs/779208,[0.         0.00164773 0.00942233 ... 0.         0.         0.01347897],2.1359541,9.596942
Aerial view of a column of German troops marching down Sienna Street shortly after the destruction of the Warsaw ghetto.,https://collections.ushmm.org/search/catalog/pa1157027,https://collections.ushmm.org/iiif-b/assets/thumbs/786940,[0.01106948 0.         0.         ... 0.         0.         0.        ],4.781453,10.310893
Four young children stand in a row next to a toy elephant on the Latvian shore.,https://collections.ushmm.org/search/catalog/pa1157225,https://collections.ushmm.org/iiif-b/assets/thumbs/779222,[0.         0.02566746 0.         ... 0.         0.         0.        ],2.627854,11.108238
Identification card issued to Rosette Bomblat in the Drancy concentration camp where she stayed for two weeks prior to her deporation to Auschwitz.,https://collections.ushmm.org/search/catalog/pa1157264,https://collections.ushmm.org/iiif-b/assets/thumbs/789159,[0.         0.         0.04277914 ... 0.         0.         0.        ],-0.83629185,9.0825405
Studio portrait of a German-Jewish brother and sister praying for their father who was a soldier in World War I.,https://collections.ushmm.org/search/catalog/pa1157949,https://collections.ushmm.org/iiif-b/assets/thumbs/787101,[0.         0.00060918 0.01054471 ... 0.         0.02333666 0.0157357 ],3.8177989,7.531065
"Members of Maccabi Hatzair meet next to a flag, wearing uniforms.",https://collections.ushmm.org/search/catalog/pa1158295,https://collections.ushmm.org/iiif-b/assets/thumbs/786197,[0.         0.         0.         ... 0.         0.         0.01909567],5.8200274,8.771638
"Mugshot of Nazi defendant Ernst von Weizsaecker, the principal defendant of the Ministries Trial.",https://collections.ushmm.org/search/catalog/pa1158812,https://collections.ushmm.org/iiif-b/assets/thumbs/788750,[0.         0.0095119  0.01348308 ... 0.         0.         0.        ],2.427312,7.645969
Jewish men are forced to shave the beards of other religious Jews while SS men watch in amusement.,https://collections.ushmm.org/search/catalog/pa1159890,https://collections.ushmm.org/iiif-b/assets/thumbs/789177,[0.         0.         0.         ... 0.         0.         0.04672275],3.7340686,10.706505
Studio portrait of a family of Dutch rescuers and the Jewish child they were hiding.,https://collections.ushmm.org/search/catalog/pa1160146,https://collections.ushmm.org/iiif-b/assets/thumbs/787024,[0.         0.         0.02258437 ... 0.         0.         0.        ],3.131773,8.284903
Two young children sit next to each other on canvas lawn chairs on a grassy field.,https://collections.ushmm.org/search/catalog/pa1160760,https://collections.ushmm.org/iiif-b/assets/thumbs/789109,[0.         0.         0.         ... 0.         0.         0.00223723],5.5546966,8.741184
"Identification card issued to Moniek Szmulewicz testifying that he had been a prisoner in the Buchenwald concentration camp and had been in Nazi prisons since January 1, 1940.",https://collections.ushmm.org/search/catalog/pa1161619,https://collections.ushmm.org/iiif-b/assets/thumbs/731756,[0.         0.         0.00625616 ... 0.         0.         0.        ],-0.8774017,8.833887
Close-up portrait of a religious Jewish couple.,https://collections.ushmm.org/search/catalog/pa1161792,https://collections.ushmm.org/iiif-b/assets/thumbs/787333,[0.         0.00999004 0.         ... 0.         0.         0.        ],4.9596753,8.064485
Three Jewish women in hiding prepare to go to the wedding of their older brother in Nice.,https://collections.ushmm.org/search/catalog/pa1161817,https://collections.ushmm.org/iiif-b/assets/thumbs/787345,[0. 0. 0. ... 0. 0. 0.],5.3028865,7.8552094
